{
    "velocity_ave": 45, 
    "vel_min": 30, 
    "log_bpr": {
        "std": 0.019615901341052212, 
        "mean": 0.003175609578305096
    }, 
    "vel_max": 100, 
    "vel_trend": {
        "exag_exp": 1.0
    }, 
    "log_art": {
        "std": 0.1201612835036976, 
        "mean": 0.0
    }, 
    "vel_dev": {
        "std": 3.7943492681225215, 
        "mean": 0.0
    }, 
    "timing": {
        "std": 0.019511356437457977, 
        "mean": 0.0
    }, 
    "tempo_ave": 2.4,
    "pedal_threshold": 50
}
