{
    "vel_trend": {
        "exag_exp": 1.0
    },
    "vel_dev": {
        "mean": 4.5,
        "std": 0.2
    },
    "log_bpr": {
        "mean": -0.035219320869169284,
        "std": 0.21765871073352042
    },
    "timing": {
        "mean": 0.0,
        "std": 0.013
    },
    "log_art": {
        "mean": 0.0,
        "std": 0.5305324184343643
    },
    "tempo_ave": 2.4,
    "velocity_ave": 45,
    "vel_min": 30,
    "vel_max": 90,
    "pedal_threshold": 50,
    "mel_lead_exag_coeff": 10
}
