{
    "vel_trend": {
        "exag_exp": 1.0
    },
    "vel_dev": {
        "mean": -7.293851864089994e-17,
        "std": 3.6697746003550127
    },
    "log_bpr": {
        "mean": 0.009499058692429905,
        "std": 0.02964094322930803
    },
    "timing": {
        "mean": 2.433658255433673e-19,
        "std": 0.011397828849895956
    },
    "log_art": {
        "mean": 2.0513958367753105e-17,
        "std": 0.17610531770507687
    },
    "tempo_ave": 2.0,
    "velocity_ave": 60,
    "vel_min": 30,
    "vel_max": 100
}