{
    "vel_trend": {
        "exag_exp": 1.0
    },
    "vel_dev": {
        "mean": 2.0,
        "std": 6.0
    },
    "log_bpr": {
        "mean": -0.017985385676406545,
        "std": 0.20300822895540108
    },
    "timing": {
        "mean": 0.0,
        "std": 0.012523211029945063
    },
    "log_art": {
        "mean": -0.09808847369534299,
        "std": 0.7172764760669791
    },
    "tempo_ave": 0.5086690638462428,
    "vel_max": 90.0,
    "vel_min": 9.0,
    "velocity_ave": 35.82653045654297,
    "tempo_rel_min": 2.0,
    "tempo_rel_max": 0.5,
    "pedal_threshold": 60,
    "mel_lead_exag_coeff": 1.0,
    "max_scaler": 2.0
}
