{
    "timing": {
        "std": 0.019396076192720862,
        "mean": -0.0009392060183144949
    },
    "log_bpr": {
        "std": 0.20833042364356394,
        "mean": 0.013008027600255203
    },
    "vel_trend": {
        "exag_exp": 1.0
    },
    "log_art": {
        "std": 1.0423243996270075,
        "mean": 0.4780615150376542
    },
    "vel_dev": {
        "std": 9.860440491312895,
        "mean": 5.4729020979020975
    },
    "vel_min": 15,
    "vel_max": 120,
    "velocity_ave": 55.72786331176758,
    "tempo_ave": 2.4,
    "tempo_rel_min": 0.5,
    "tempo_rel_max": 2.0,
    "pedal_threshold": 50,
    "mel_lead_exag_coeff": 1.0,
    "max_scaler": 2.5
}
