{
    "vel_trend": {
        "exag_exp": 1.0
    },
    "vel_dev": {
        "mean": 1.094077779613499e-16,
        "std": 4.271069755926229
    },
    "log_bpr": {
        "mean": -0.035219320869169284,
        "std": 0.21765871073352042
    },
    "timing": {
        "mean": 1.899440589606769e-19,
        "std": 0.026975159110946435
    },
    "log_art": {
        "mean": 1.5195524716854153e-17,
        "std": 0.5305324184343643
    },
    "tempo_ave": 2.4,
    "velocity_ave": 60,
    "vel_min": 30,
    "vel_max": 100
}