{
    "vel_trend": {
        "exag_exp": 1.0
    },
    "vel_dev": {
        "mean": 14.798672566371682,
        "std": 13.282722093099808
    },
    "log_bpr": {
        "mean": -0.031897174347198,
        "std": 0.27819755048981676
    },
    "timing": {
        "mean": -0.0005363004397501988,
        "std": 0.02685741885859283
    },
    "log_art": {
        "mean": 0.6138881267619163,
        "std": 0.7883361433165818
    },
    "tempo_ave": 1.9665204160639504,
    "vel_max": 80.0,
    "vel_min": 30.0,
    "velocity_ave": 48.070796966552734,
    "pedal_threshold": 60,
    "mel_lead_exag_coeff": 1.0,
    "max_scaler": 2.0
}
