{
    "vel_trend": {
        "exag_exp": 1.0
    },
    "vel_dev": {
        "mean": 12.781456953642385,
        "std": 12.077505794726699
    },
    "log_bpr": {
        "mean": -0.03463820684470842,
        "std": 0.2886154901743545
    },
    "timing": {
        "mean": -0.0004688277676142341,
        "std": 0.025701700252693676
    },
    "log_art": {
        "mean": -0.8130773930418743,
        "std": 0.9386402782421903
    },
    "tempo_ave": 1.4,
    "vel_max": 87.0,
    "vel_min": 25,
    "velocity_ave": 45.534217834472656,
    "pedal_threshold": 40,
    "mel_lead_exag_coeff": 2.0
}
