{
    "vel_trend": {
        "exag_exp": 1.0
    },
    "vel_dev": {
        "mean": 14.798672566371682,
        "std": 13.282722093099808
    },
    "log_bpr": {
        "mean": -0.031897174347198,
        "std": 0.27819755048981676
    },
    "timing": {
        "mean": -0.0005363004397501988,
        "std": 0.02685741885859283
    },
    "log_art": {
        "mean": 0.6138881267619163,
        "std": 0.7883361433165818
    },
    "tempo_ave": 1.70,
    "tempo_rel_min": 5.0,
    "tempo_rel_max": 0.5,
    "vel_max": 115.0,
    "vel_min": 20.0,
    "velocity_ave": 50.00,
    "pedal_threshold": 75,
    "mel_lead_exag_coeff": 1.0,
    "max_scaler": 2.0
}
