{
    "vel_trend": {
        "exag_exp": 1.0
    },
    "vel_dev": {
        "mean": 12.402807775377969,
        "std": 13.233276364812266
    },
    "log_bpr": {
        "mean": -0.12669531945124826,
        "std": 0.6025239560601099
    },
    "timing": {
        "mean": -0.00024677713282937364,
        "std": 0.03264494135971806
    },
    "log_art": {
        "mean": -0.50307236762523,
        "std": 0.9749754578934965
    },
    "tempo_ave": 1.6011216845996996,
    "vel_max": 102.0,
    "vel_min": 1.0,
    "velocity_ave": 55.72786331176758,
    "pedal_threshold": 60,
    "mel_lead_exag_coeff": 1.5,
    "max_scaler": 0.6
}
