{
    "vel_trend": {
        "exag_exp": 1.0
    },
    "vel_dev": {
        "mean": 4.113876319758672,
        "std": 6.808399383754986
    },
    "log_bpr": {
        "mean": -0.008283109146651152,
        "std": 0.14953856703774554
    },
    "timing": {
        "mean": -0.00018102827385000513,
        "std": 0.017683679186395695
    },
    "log_art": {
        "mean": -0.09437927554098051,
        "std": 0.6606489239818649
    },
    "tempo_ave": 1.0,
    "tempo_rel_min": 5.0,
    "tempo_rel_max": 0.4,
    "vel_max": 110.0,
    "vel_min": 15.0,
    "velocity_ave": 50.00,
    "pedal_threshold": 90,
    "mel_lead_exag_coeff": 1.0,
    "max_scaler": 2.0
}
