{
    "vel_trend": {
        "exag_exp": 1.0
    },
    "vel_dev": {
        "mean": 7.305,
        "std": 9.359897931372666
    },
    "log_bpr": {
        "mean": -0.006058930032853475,
        "std": 0.14430074222117525
    },
    "timing": {
        "mean": 0.0008909976482391357,
        "std": 0.024342371531603124
    },
    "log_art": {
        "mean": -1.3614159468568894,
        "std": 1.1714277667763466
    },
    "tempo_ave": 0.45351558431951217,
    "vel_max": 99.0,
    "vel_min": 8.0,
    "velocity_ave": 65.22892761230469,
    "pedal_threshold": 50
}
