{
    "timing": {
        "std": 0.013491592069526439, 
        "mean": 1.4177700707393944e-18
    }, 
    "log_bpr": {
        "std": 0.2899398126217319, 
        "mean": 0.0
    }, 
    "vel_trend": {
        "exag_exp": 1.0
    }, 
    "log_art": {
        "std": 0.21721484405302577, 
        "mean": -1.0469686676229374e-17
    }, 
    "vel_dev": {
        "std": 9.017438188862865, 
        "mean": 5.583832893988999e-16
    }
}