{
    "timing": {
        "std": 0.032702824662294294, 
        "mean": -0.00023476454403178996
    }, 
    "log_bpr": {
        "std": 0.6346176119847375, 
        "mean": -0.18864572169498256
    }, 
    "vel_trend": {
        "exag_exp": 1.0
    }, 
    "log_art": {
        "std": 1.2135025126820784, 
        "mean": 1.1351300203934431
    }, 
    "vel_dev": {
        "std": 13.233276364812266, 
        "mean": 12.402807775377969
    }
}