{
    "timing": {
        "std": 0.001349159206952644, 
        "mean": 1.4177700707393946e-19
    }, 
    "log_bpr": {
        "std": 0.20295786883521233, 
        "mean": 0.0
    }, 
    "vel_trend": {
        "exag_exp": 1.0
    }, 
    "log_art": {
        "std": 0.30410078167423604, 
        "mean": -1.4657561346721122e-17
    }, 
    "vel_dev": {
        "std": 9.017438188862865, 
        "mean": 5.583832893988999e-16
    }
}