{
    "vel_trend": {
        "exag_exp": 1.0
    },
    "vel_dev": {
        "mean": 2.8201923076923077,
        "std": 6.261095993509509
    },
    "log_bpr": {
        "mean": -0.006535674041494852,
        "std": 0.136009830479903
    },
    "timing": {
        "mean": -0.0006015688180923462,
        "std": 0.016640250993421608
    },
    "log_art": {
        "mean": -0.5735875893475028,
        "std": 1.0026319156059351
    },
    "tempo_ave": 0.55,
    "tempo_rel_min": 5.0,
    "tempo_rel_max": 0.4,
    "vel_max": 105.0,
    "vel_min": 15.0,
    "velocity_ave": 61.94422912597656,
    "pedal_threshold": 90,
    "mel_lead_exag_coeff": 1.0,
    "max_scaler": 2.0  
}
